label,text
BUY,iphone x
BUY,iphone x precio
BUY,comprar iphone x
BUY,iphone x barato
BUY,iphone x en venta

BUY,iphone xr
BUY,iphone xr precio
BUY,comprar iphone xr
BUY,iphone xr barato
BUY,iphone xr en venta

BUY,iphone xs
BUY,iphone xs precio
BUY,comprar iphone xs
BUY,iphone xs barato
BUY,iphone xs en venta

BUY,iphone xs max
BUY,iphone xs max precio
BUY,comprar iphone xs max
BUY,iphone xs max barato
BUY,iphone xs max en venta

BUY,iphone 11
BUY,iphone 11 precio
BUY,comprar iphone 11
BUY,iphone 11 barato
BUY,iphone 11 en venta

BUY,iphone 11 pro
BUY,iphone 11 pro precio
BUY,comprar iphone 11 pro
BUY,iphone 11 pro barato
BUY,iphone 11 pro en venta

BUY,iphone 11 pro max
BUY,iphone 11 pro max precio
BUY,comprar iphone 11 pro max
BUY,iphone 11 pro max barato
BUY,iphone 11 pro max en venta

BUY,iphone 12
BUY,iphone 12 precio
BUY,comprar iphone 12
BUY,iphone 12 barato
BUY,iphone 12 en venta

BUY,iphone 12 mini
BUY,iphone 12 mini precio
BUY,comprar iphone 12 mini
BUY,iphone 12 mini barato
BUY,iphone 12 mini en venta

BUY,iphone 12 pro
BUY,iphone 12 pro precio
BUY,comprar iphone 12 pro
BUY,iphone 12 pro barato
BUY,iphone 12 pro en venta

BUY,iphone 12 pro max
BUY,iphone 12 pro max precio
BUY,comprar iphone 12 pro max
BUY,iphone 12 pro max barato
BUY,iphone 12 pro max en venta

BUY,iphone 13
BUY,iphone 13 precio
BUY,comprar iphone 13
BUY,iphone 13 barato
BUY,iphone 13 en venta

BUY,iphone 13 mini
BUY,iphone 13 mini precio
BUY,comprar iphone 13 mini
BUY,iphone 13 mini barato
BUY,iphone 13 mini en venta

BUY,iphone 13 pro
BUY,iphone 13 pro precio
BUY,comprar iphone 13 pro
BUY,iphone 13 pro barato
BUY,iphone 13 pro en venta

BUY,iphone 13 pro max
BUY,iphone 13 pro max precio
BUY,comprar iphone 13 pro max
BUY,iphone 13 pro max barato
BUY,iphone 13 pro max en venta

BUY,iphone 14
BUY,iphone 14 precio
BUY,comprar iphone 14
BUY,iphone 14 barato
BUY,iphone 14 en venta

BUY,iphone 14 plus
BUY,iphone 14 plus precio
BUY,comprar iphone 14 plus
BUY,iphone 14 plus barato
BUY,iphone 14 plus en venta

BUY,iphone 14 pro
BUY,iphone 14 pro precio
BUY,comprar iphone 14 pro
BUY,iphone 14 pro barato
BUY,iphone 14 pro en venta

BUY,iphone 14 pro max
BUY,iphone 14 pro max precio
BUY,comprar iphone 14 pro max
BUY,iphone 14 pro max barato
BUY,iphone 14 pro max en venta

BUY,iphone 15
BUY,iphone 15 precio
BUY,comprar iphone 15
BUY,iphone 15 barato
BUY,iphone 15 en venta

BUY,iphone 15 plus
BUY,iphone 15 plus precio
BUY,comprar iphone 15 plus
BUY,iphone 15 plus barato
BUY,iphone 15 plus en venta

BUY,iphone 15 pro
BUY,iphone 15 pro precio
BUY,comprar iphone 15 pro
BUY,iphone 15 pro barato
BUY,iphone 15 pro en venta

BUY,iphone 15 pro max
BUY,iphone 15 pro max precio
BUY,comprar iphone 15 pro max
BUY,iphone 15 pro max barato
BUY,iphone 15 pro max en venta

BUY,iphone 16
BUY,iphone 16 precio
BUY,comprar iphone 16
BUY,iphone 16 barato
BUY,iphone 16 en venta

BUY,iphone 16 plus
BUY,iphone 16 plus precio
BUY,comprar iphone 16 plus
BUY,iphone 16 plus barato
BUY,iphone 16 plus en venta

BUY,iphone 16 pro
BUY,iphone 16 pro precio
BUY,comprar iphone 16 pro
BUY,iphone 16 pro barato
BUY,iphone 16 pro en venta

BUY,iphone 16 pro max
BUY,iphone 16 pro max precio
BUY,comprar iphone 16 pro max
BUY,iphone 16 pro max barato
BUY,iphone 16 pro max en venta

BUY, mejor precio Samsung s23

BUY, Motorola comprar
BUY, Motorola E10 Segunda mano
BUY; Motorola reacondicionado


BUY, Tableta digital
BUY, Memoria ram,


BUY, Cargador Samsung
BUY, audifonos 
BUY, audifonos samsung

BUY,celular samsung precio
BUY,comprar celular samsung
BUY,samsung s23 precio
BUY,ofertas celulares
BUY,celulares baratos
BUY,donde comprar iphone
BUY,mejor precio iphone
BUY,comprar laptop gamer
BUY,laptop barata precio
BUY,oferta macbook
BUY,precio macbook pro
BUY,comprar macbook air
BUY,cuanto vale laptop gamer
BUY,pc gamer precio
BUY,comprar pc gamer
BUY,oferta tecnologia
BUY,descuentos celulares
BUY,iphone en venta
BUY,samsung en oferta



BUY,comprar tarjeta grafica
BUY,tarjeta grafica precio
BUY,tarjeta grafica barata
BUY,tarjeta grafica en venta

BUY,rtx 3060
BUY,rtx 3060 precio
BUY,comprar rtx 3060
BUY,rtx 3060 barata
BUY,rtx 3060 en venta

BUY,rtx 3070
BUY,rtx 3070 precio
BUY,comprar rtx 3070
BUY,rtx 3070 barata
BUY,rtx 3070 en venta

BUY,rtx 3080
BUY,rtx 3080 precio
BUY,comprar rtx 3080
BUY,rtx 3080 barata
BUY,rtx 3080 en venta

BUY,procesador intel
BUY,procesador intel precio
BUY,comprar procesador intel
BUY,procesador intel barato
BUY,procesador intel en venta

BUY,intel i5
BUY,intel i5 precio
BUY,comprar intel i5
BUY,intel i5 barato
BUY,intel i5 en venta

BUY,intel i7
BUY,intel i7 precio
BUY,comprar intel i7
BUY,intel i7 barato
BUY,intel i7 en venta

BUY,intel i9
BUY,intel i9 precio
BUY,comprar intel i9
BUY,intel i9 barato
BUY,intel i9 en venta

BUY,procesador ryzen
BUY,procesador ryzen precio
BUY,comprar procesador ryzen
BUY,procesador ryzen barato
BUY,procesador ryzen en venta

BUY,ryzen 5
BUY,ryzen 5 precio
BUY,comprar ryzen 5
BUY,ryzen 5 barato
BUY,ryzen 5 en venta

label,text
BUY,ryzen 7
BUY,ryzen 7 precio
BUY,comprar ryzen 7
BUY,ryzen 7 barato
BUY,ryzen 7 en venta

BUY,ryzen 7 1700
BUY,ryzen 7 1700 precio
BUY,comprar ryzen 7 1700
BUY,ryzen 7 1700 barato
BUY,ryzen 7 1700 en venta

BUY,ryzen 7 1800x
BUY,ryzen 7 1800x precio
BUY,comprar ryzen 7 1800x
BUY,ryzen 7 1800x barato
BUY,ryzen 7 1800x en venta

BUY,ryzen 7 2700
BUY,ryzen 7 2700 precio
BUY,comprar ryzen 7 2700
BUY,ryzen 7 2700 barato
BUY,ryzen 7 2700 en venta

BUY,ryzen 7 2700x
BUY,ryzen 7 2700x precio
BUY,comprar ryzen 7 2700x
BUY,ryzen 7 2700x barato
BUY,ryzen 7 2700x en venta

BUY,ryzen 7 3700x
BUY,ryzen 7 3700x precio
BUY,comprar ryzen 7 3700x
BUY,ryzen 7 3700x barato
BUY,ryzen 7 3700x en venta

BUY,ryzen 7 3800x
BUY,ryzen 7 3800x precio
BUY,comprar ryzen 7 3800x
BUY,ryzen 7 3800x barato
BUY,ryzen 7 3800x en venta

BUY,ryzen 7 4700g
BUY,ryzen 7 4700g precio
BUY,comprar ryzen 7 4700g
BUY,ryzen 7 4700g barato
BUY,ryzen 7 4700g en venta

BUY,ryzen 7 4800h
BUY,ryzen 7 4800h precio
BUY,comprar ryzen 7 4800h
BUY,ryzen 7 4800h barato
BUY,ryzen 7 4800h en venta

BUY,ryzen 7 5700g
BUY,ryzen 7 5700g precio
BUY,comprar ryzen 7 5700g
BUY,ryzen 7 5700g barato
BUY,ryzen 7 5700g en venta

BUY,ryzen 7 5700x
BUY,ryzen 7 5700x precio
BUY,comprar ryzen 7 5700x
BUY,ryzen 7 5700x barato
BUY,ryzen 7 5700x en venta

BUY,ryzen 7 5800x
BUY,ryzen 7 5800x precio
BUY,comprar ryzen 7 5800x
BUY,ryzen 7 5800x barato
BUY,ryzen 7 5800x en venta

BUY,ryzen 7 5800x3d
BUY,ryzen 7 5800x3d precio
BUY,comprar ryzen 7 5800x3d
BUY,ryzen 7 5800x3d barato
BUY,ryzen 7 5800x3d en venta

BUY,ryzen 7 5700x3d
BUY,ryzen 7 5700x3d precio
BUY,comprar ryzen 7 5700x3d
BUY,ryzen 7 5700x3d barato
BUY,ryzen 7 5700x3d en venta

BUY,ryzen 7 7700
BUY,ryzen 7 7700 precio
BUY,comprar ryzen 7 7700
BUY,ryzen 7 7700 barato
BUY,ryzen 7 7700 en venta

BUY,ryzen 7 7700x
BUY,ryzen 7 7700x precio
BUY,comprar ryzen 7 7700x
BUY,ryzen 7 7700x barato
BUY,ryzen 7 7700x en venta

BUY,ryzen 7 7800x3d
BUY,ryzen 7 7800x3d precio
BUY,comprar ryzen 7 7800x3d
BUY,ryzen 7 7800x3d barato
BUY,ryzen 7 7800x3d en venta

BUY,ryzen 7 8700g
BUY,ryzen 7 8700g precio
BUY,comprar ryzen 7 8700g
BUY,ryzen 7 8700g barato
BUY,ryzen 7 8700g en venta

BUY,ryzen 7 8700f
BUY,ryzen 7 8700f precio
BUY,comprar ryzen 7 8700f
BUY,ryzen 7 8700f barato
BUY,ryzen 7 8700f en venta

BUY,ryzen 7 9700x
BUY,ryzen 7 9700x precio
BUY,comprar ryzen 7 9700x
BUY,ryzen 7 9700x barato
BUY,ryzen 7 9700x en venta

BUY,ryzen 7 9800x3d
BUY,ryzen 7 9800x3d precio
BUY,comprar ryzen 7 9800x3d
BUY,ryzen 7 9800x3d barato
BUY,ryzen 7 9800x3d en venta

BUY,ryzen 7 9850x3d
BUY,ryzen 7 9850x3d precio
BUY,comprar ryzen 7 9850x3d
BUY,ryzen 7 9850x3d barato
BUY,ryzen 7 9850x3d en venta

BUY,ryzen 9
BUY,ryzen 9 precio
BUY,comprar ryzen 9
BUY,ryzen 9 barato
BUY,ryzen 9 en venta

BUY,memoria ram
BUY,memoria ram precio
BUY,comprar memoria ram
BUY,memoria ram barata
BUY,memoria ram en venta

BUY,ram 8gb
BUY,ram 8gb precio
BUY,comprar ram 8gb
BUY,ram 8gb barata
BUY,ram 8gb en venta

BUY,ram 16gb
BUY,ram 16gb precio
BUY,comprar ram 16gb
BUY,ram 16gb barata
BUY,ram 16gb en venta

BUY,ram 32gb
BUY,ram 32gb precio
BUY,comprar ram 32gb
BUY,ram 32gb barata
BUY,ram 32gb en venta

BUY,disco duro
BUY,disco duro precio
BUY,comprar disco duro
BUY,disco duro barato
BUY,disco duro en venta

BUY,ssd 1tb
BUY,ssd 1tb precio
BUY,comprar ssd 1tb
BUY,ssd 1tb barato
BUY,ssd 1tb en venta

BUY,ssd 512gb
BUY,ssd 512gb precio
BUY,comprar ssd 512gb
BUY,ssd 512gb barato
BUY,ssd 512gb en venta

BUY,fuente de poder
BUY,fuente de poder precio
BUY,comprar fuente de poder
BUY,fuente de poder barata
BUY,fuente de poder en venta

BUY,fuente 600w
BUY,fuente 600w precio
BUY,comprar fuente 600w
BUY,fuente 600w barata
BUY,fuente 600w en venta

BUY,placa madre
BUY,placa madre precio
BUY,comprar placa madre
BUY,placa madre barata
BUY,placa madre en venta

BUY,board motherboard
BUY,board motherboard precio
BUY,comprar motherboard
BUY,motherboard barata
BUY,motherboard en venta


label,text
BUY,ram 8gb ddr3
BUY,ram 8gb ddr4
BUY,ram 16gb ddr3
BUY,ram 16gb ddr4
BUY,ram 32gb ddr4
BUY,ram 32gb ddr5

BUY,ram 16gb ddr4 3200mhz
BUY,ram 32gb ddr4 3600mhz
BUY,ram 16gb ddr5 4800mhz
BUY,ram 32gb ddr5 5200mhz

BUY,ram 16gb x2 ddr4
BUY,ram 32gb x2 ddr4
BUY,ram 16gb x8 ddr3
BUY,ram 32gb x2 ddr5

BUY,comprar ram 16gb ddr4
BUY,precio ram 32gb ddr4
BUY,ram 16gb ddr4 barata
BUY,ram 32gb ddr5 en venta

BUY,ssd 512gb sata
BUY,ssd 1tb sata
BUY,ssd 1tb nvme
BUY,ssd 2tb nvme

BUY,ssd 1tb nvme m2
BUY,ssd 2tb nvme pcie 4.0
BUY,ssd 512gb m2 sata

BUY,comprar ssd 1tb nvme
BUY,precio ssd 2tb nvme
BUY,ssd 1tb nvme barato
BUY,ssd 2tb nvme en venta

BUY,rtx 3060 12gb
BUY,rtx 3070 8gb
BUY,rtx 3080 10gb
BUY,rtx 4060 8gb

BUY,rtx 3060 12gb gddr6
BUY,rtx 4070 12gb gddr6x
BUY,rtx 4090 24gb gddr6x

BUY,comprar rtx 3060 12gb
BUY,precio rtx 4070 12gb
BUY,rtx 4090 24gb barata
BUY,rtx 4080 16gb en venta

BUY,ryzen 5 5600x
BUY,ryzen 7 5800x
BUY,ryzen 9 5900x
BUY,ryzen 7 7700x

BUY,ryzen 5 5600x 6 cores
BUY,ryzen 7 5800x 8 cores
BUY,ryzen 9 5900x 12 cores

BUY,comprar ryzen 5 5600x
BUY,precio ryzen 7 7700x
BUY,ryzen 9 5900x barato
BUY,ryzen 7 5800x en venta

BUY,intel i5 12400f
BUY,intel i7 12700k
BUY,intel i9 12900k
BUY,intel i5 13400f

BUY,intel i7 12700k 12 cores
BUY,intel i9 12900k 16 cores

BUY,comprar intel i5 12400f
BUY,precio intel i7 12700k
BUY,intel i9 12900k barato
BUY,intel i5 13400f en venta

NOT_BUY, ""
NOT_BUY, 
NOT_BUY,tutorial como reparar
NOT_BUY, mañana es festivo
NOT_BUY,como funciona laptop
NOT_BUY,clima hoy
NOT_BUY,que clima hara hoy
NOT_BUY,hoy clima
NOT_BUY,clima
NOT_BUY,que es un celular
NOT_BUY,para que sirve un iphone
NOT_BUY,como funciona un celular
NOT_BUY,diferencia entre iphone 15 y 16
NOT_BUY,review iphone 15
NOT_BUY,que tan bueno es iphone
NOT_BUY,comparacion samsung vs iphone
NOT_BUY,mejor celular 2025
NOT_BUY,cual es mejor iphone o samsung
NOT_BUY,ranking celulares
NOT_BUY,noticias tecnologia
NOT_BUY,lanzamiento iphone 16
NOT_BUY,tendencias tecnologia
NOT_BUY,que celular comprar 2025
NOT_BUY,guia de compra celulares
NOT_BUY,historia del iphone
NOT_BUY,quien invento el iphone
NOT_BUY,que es tecnologia movil